Zaman_Adimi,Yil,Ay,Tarih,NDWI
1,1984,3,1984-03,-0.15525916460346617
2,1984,4,1984-04,-0.12721961718810054
3,1984,6,1984-06,-0.1362291308954079
4,1984,7,1984-07,-0.17300017352073574
5,1984,9,1984-09,-0.19647802901905667
6,1984,10,1984-10,-0.21438480418311814
7,1984,12,1984-12,-0.12337954443217601
8,1985,5,1985-05,-0.1945449485109936
9,1985,7,1985-07,-0.21042836175460364
10,1985,8,1985-08,-0.1910823250723399
11,1985,9,1985-09,-0.18754658563155782
12,1985,10,1985-10,-0.1895203336809176
13,1985,11,1985-11,-0.17193726465104375
14,1986,2,1986-02,-0.144567768627919
15,1986,3,1986-03,-0.12042179261862918
16,1986,4,1986-04,-0.1854394568087514
17,1986,5,1986-05,-0.14983980329334626
18,1986,6,1986-06,-0.19602878464818763
19,1986,7,1986-07,-0.20340861205187832
20,1986,8,1986-08,-0.18759206307945586
21,1986,9,1986-09,-0.1937227443031755
22,1986,10,1986-10,-0.20082382762991127
23,1986,12,1986-12,-0.1857431563476024
24,1987,2,1987-02,-0.16280993363136853
25,1987,4,1987-04,-0.16625997013512037
26,1987,5,1987-05,-0.19615016974850852
27,1987,6,1987-06,-0.20728574315157464
28,1987,7,1987-07,-0.10474118625631838
29,1987,8,1987-08,-0.18171376062485642
30,1987,9,1987-09,-0.18739157281895968
31,1988,3,1988-03,-0.13719204097989338
32,1988,5,1988-05,-0.1577238119294194
33,1988,6,1988-06,-0.21068640055187984
34,1988,7,1988-07,-0.21417395306028533
35,1988,8,1988-08,-0.19381087785104967
36,1988,9,1988-09,-0.2063568072307186
37,1988,10,1988-10,-0.1887269815852682
38,1988,11,1988-11,-0.15413277775551906
39,1988,12,1988-12,0.054156908665105384
40,1989,1,1989-01,-0.0968186318825606
41,1989,2,1989-02,-0.18841497747747749
42,1989,3,1989-03,-0.17888373097268703
43,1989,4,1989-04,-0.21146710492875417
44,1989,5,1989-05,-0.2222655898159546
45,1989,6,1989-06,-0.1662607077369386
46,1989,7,1989-07,-0.182034471819816
47,1989,8,1989-08,-0.19512497417888866
48,1989,9,1989-09,-0.2001737745275505
49,1989,10,1989-10,-0.1871290603115512
50,1989,11,1989-11,-0.18737711364530082
51,1990,1,1990-01,-0.1375816077221933
52,1990,3,1990-03,-0.18229379243812846
53,1990,4,1990-04,-0.11939040662967905
54,1990,5,1990-05,-0.20209550674994964
55,1990,6,1990-06,-0.19325163138628043
56,1990,7,1990-07,-0.1757822277847309
57,1990,8,1990-08,-0.1815558420826426
58,1990,9,1990-09,-0.17146409698476842
59,1990,10,1990-10,-0.14782442261069287
60,1990,11,1990-11,-0.13106237578884977
61,1990,12,1990-12,-0.07547578792213985
62,1991,1,1991-01,-0.08010931761892562
63,1991,3,1991-03,-0.11398558902682525
64,1991,4,1991-04,-0.05529885228797138
65,1991,5,1991-05,-0.17224162070070678
66,1991,6,1991-06,-0.163624637213802
67,1991,7,1991-07,-0.15249679497201463
68,1991,8,1991-08,-0.15428870292887029
69,1991,9,1991-09,-0.1581235889288402
70,1991,10,1991-10,-0.15763464556412568
71,1991,11,1991-11,-0.1570529058406311
72,1991,12,1991-12,-0.08036033009260231
73,1992,3,1992-03,-0.013225298824789901
74,1992,4,1992-04,-0.18441639180064587
75,1992,5,1992-05,-0.07729796933278077
76,1992,6,1992-06,-0.17287610321363606
77,1992,7,1992-07,-0.19702626367561601
78,1992,8,1992-08,-0.1691599158424863
79,1992,9,1992-09,-0.170509197282959
80,1992,10,1992-10,-0.16448847896229182
81,1992,11,1992-11,-0.17622340891184451
82,1992,12,1992-12,-0.07553465187329153
83,1993,1,1993-01,-0.15985246802165895
84,1993,2,1993-02,-0.08929327126534067
85,1993,3,1993-03,-0.172506347479144
86,1993,4,1993-04,-0.16227792468993257
87,1993,5,1993-05,-0.07386872439744689
88,1993,6,1993-06,-0.17325162991200257
89,1993,7,1993-07,-0.1372867287651019
90,1993,8,1993-08,-0.18090469978493107
91,1993,9,1993-09,-0.1800354646917701
92,1993,10,1993-10,-0.1298133079923185
93,1993,12,1993-12,-0.12808701215611004
94,1994,1,1994-01,-0.10551486428263679
95,1994,3,1994-03,-0.12172767784653689
96,1994,4,1994-04,-0.15389744849612186
97,1994,5,1994-05,-0.13685237584154553
98,1994,6,1994-06,-0.17084778027058264
99,1994,7,1994-07,-0.16180297720254
100,1994,8,1994-08,-0.17594567107378367
101,1994,9,1994-09,-0.17278871098332754
102,1994,10,1994-10,-0.16203466141393408
103,1994,12,1994-12,-0.11581815929642017
104,1995,1,1995-01,-0.1299361958958441
105,1995,3,1995-03,-0.16822429906542055
106,1995,4,1995-04,-0.1908978283049118
107,1995,5,1995-05,-0.16900786938295212
108,1995,6,1995-06,-0.191704803430507
109,1995,7,1995-07,-0.20431257835353114
110,1995,8,1995-08,-0.19071079041220868
111,1995,9,1995-09,-0.19767978379803572
112,1995,10,1995-10,-0.15604956512978946
113,1995,11,1995-11,-0.09947774185525989
114,1996,1,1996-01,-0.12313706327876862
115,1996,4,1996-04,-0.19105552912390403
116,1996,5,1996-05,-0.17290847887770747
117,1996,6,1996-06,-0.18201507407086545
118,1996,7,1996-07,-0.15874820599802428
119,1996,8,1996-08,-0.1397588108815556
120,1996,9,1996-09,-0.14174165241317765
121,1996,10,1996-10,-0.1550860197093703
122,1996,11,1996-11,-0.15490077261021057
123,1997,1,1997-01,-0.16612017540394264
124,1997,3,1997-03,-0.1469690029012063
125,1997,4,1997-04,-0.18537018172258551
126,1997,5,1997-05,-0.1724150623918725
127,1997,6,1997-06,-0.13028413028413027
128,1997,7,1997-07,-0.16850105301712298
129,1997,8,1997-08,-0.1655915568452766
130,1997,9,1997-09,-0.10861945636623749
131,1997,10,1997-10,-0.17909837588731556
132,1997,11,1997-11,-0.16214596732313347
133,1998,1,1998-01,-0.08804726422997222
134,1998,2,1998-02,-0.09647519027169522
135,1998,3,1998-03,-0.14118686441474465
136,1998,4,1998-04,-0.14827435228722088
137,1998,5,1998-05,-0.1640801404967564
138,1998,6,1998-06,-0.17434359952757336
139,1998,7,1998-07,-0.1642491546406992
140,1998,8,1998-08,-0.1613674656231317
141,1998,9,1998-09,-0.1590380139643134
142,1998,10,1998-10,-0.15464140340765822
143,1998,11,1998-11,-0.1370646586054594
144,1998,12,1998-12,-0.11537362771905481
145,1999,7,1999-07,-0.1609745564472595
146,1999,8,1999-08,-0.17145505097312327
147,1999,9,1999-09,-0.1664313548314226
148,1999,10,1999-10,-0.16495278452574477
149,2000,4,2000-04,-0.16333309264206802
150,2000,5,2000-05,-0.1783526446599223
151,2000,6,2000-06,-0.17290609701824655
152,2000,8,2000-08,-0.16740903675190175
153,2000,9,2000-09,-0.157469144559512
154,2000,10,2000-10,-0.08860562117491132
155,2000,11,2000-11,-0.18322330097087378
156,2001,1,2001-01,-0.15169699567470676
157,2001,4,2001-04,-0.1463799283154122
158,2001,5,2001-05,-0.15103572611207183
159,2001,7,2001-07,-0.1613376017279284
160,2001,8,2001-08,-0.16364434045042411
161,2001,10,2001-10,-0.129284332688588
162,2001,11,2001-11,-0.13267326732673268
163,2001,12,2001-12,-0.13184102329830974
164,2002,1,2002-01,-0.1357852964038784
165,2002,2,2002-02,-0.03490647256789544
166,2002,3,2002-03,-0.18170540372897434
167,2002,4,2002-04,-0.1678054808461147
168,2002,5,2002-05,-0.17428915705987086
169,2002,7,2002-07,-0.13692882752307575
170,2002,8,2002-08,-0.1639736684619988
171,2002,9,2002-09,-0.15094662734278375
172,2002,10,2002-10,-0.14655274712234484
173,2002,11,2002-11,-0.15026900779914085
174,2002,12,2002-12,-0.0330930399224316
175,2003,2,2003-02,-0.11162928418091643
176,2003,3,2003-03,-0.15967691829760794
177,2003,4,2003-04,-0.15613196639173668
178,2003,5,2003-05,-0.16194597936550872
179,2003,8,2003-08,-0.15321942730580604
180,2003,10,2003-10,-0.1555426581543819
181,2003,11,2003-11,-0.04801641586867305
182,2004,2,2004-02,-0.0776355454585172
183,2004,3,2004-03,-0.150235007644827
184,2004,5,2004-05,-0.13768563083631577
185,2004,6,2004-06,-0.15861488649459454
186,2004,7,2004-07,-0.14810782399759723
187,2004,8,2004-08,-0.1348128393180303
188,2004,9,2004-09,-0.13213013350037192
189,2004,10,2004-10,-0.15065730647033085
190,2005,1,2005-01,-0.11344137273593899
191,2005,2,2005-02,-0.09328327075511056
192,2005,3,2005-03,-0.16067676655976998
193,2005,5,2005-05,-0.14392008779925222
194,2005,7,2005-07,-0.15122809645050173
195,2005,8,2005-08,-0.15500552829127306
196,2005,9,2005-09,-0.1533129380784572
197,2005,10,2005-10,-0.12381319953685836
198,2006,2,2006-02,-0.09583079467316563
199,2006,3,2006-03,-0.16325619465734056
200,2006,4,2006-04,-0.15492957746478872
201,2006,5,2006-05,-0.14798206278026907
202,2006,6,2006-06,-0.15315649081209248
203,2006,7,2006-07,-0.13192163071442708
204,2006,8,2006-08,-0.1323868747311197
205,2006,9,2006-09,-0.14835752482811307
206,2006,11,2006-11,-0.15748567765714513
207,2006,12,2006-12,-0.171300516560316
208,2007,3,2007-03,-0.15886341620923475
209,2007,4,2007-04,-0.16132675727570497
210,2007,5,2007-05,-0.14965176283786222
211,2007,6,2007-06,-0.14675804657504754
212,2007,7,2007-07,-0.14859377631406598
213,2007,8,2007-08,-0.14719294311131045
214,2007,9,2007-09,-0.15338487648500848
215,2007,10,2007-10,-0.08574646829680387
216,2007,11,2007-11,-0.1230807743658211
217,2007,12,2007-12,-0.12799208704253215
218,2008,1,2008-01,-0.15905968554419173
219,2008,2,2008-02,-0.14571439518755508
220,2008,3,2008-03,-0.13554554710013633
221,2008,4,2008-04,-0.13631665977676727
222,2008,5,2008-05,-0.17439850663716813
223,2008,6,2008-06,-0.17031341353223606
224,2008,7,2008-07,-0.151238638388879
225,2008,9,2008-09,-0.15850099831055137
226,2008,10,2008-10,-0.11674359382460608
227,2008,11,2008-11,-0.13499591169255928
228,2009,3,2009-03,-0.11002228747302509
229,2009,4,2009-04,-0.1330649470946596
230,2009,5,2009-05,-0.1562868108067029
231,2009,6,2009-06,-0.161841620626151
232,2009,7,2009-07,-0.15194796012161493
233,2009,8,2009-08,-0.14083610913582095
234,2009,9,2009-09,-0.12453131232548863
235,2009,10,2009-10,-0.12903600015467306
236,2009,11,2009-11,-0.1225046170081787
237,2010,1,2010-01,-0.13599071848843955
238,2010,4,2010-04,-0.16969676527135966
239,2010,5,2010-05,-0.1466025616947752
240,2010,6,2010-06,-0.15825780648002055
241,2010,7,2010-07,-0.1486668820432907
242,2010,8,2010-08,-0.1433132573833539
243,2010,9,2010-09,-0.13041439751866413
244,2010,10,2010-10,-0.13785540535151733
245,2010,11,2010-11,-0.13084259478206037
246,2011,3,2011-03,-0.17768095778566984
247,2011,5,2011-05,-0.14558006903797088
248,2011,6,2011-06,-0.1518597314943878
249,2011,7,2011-07,-0.1484692444527666
250,2011,8,2011-08,-0.14511469513478353
251,2011,9,2011-09,-0.14726078519181968
252,2011,10,2011-10,-0.06001779318840249
253,2011,11,2011-11,-0.17098565478944933
254,2012,2,2012-02,-0.09253928139764861
255,2012,3,2012-03,-0.1784690366972477
256,2012,4,2012-04,-0.15356534436602579
257,2012,5,2012-05,-0.1642753280426061
258,2012,6,2012-06,-0.17115617958051654
259,2012,7,2012-07,-0.15098991683226615
260,2012,8,2012-08,-0.14923503283854067
261,2012,9,2012-09,-0.1299984910215784
262,2012,10,2012-10,-0.11985353946297803
263,2012,11,2012-11,-0.12087912087912088
264,2012,12,2012-12,-0.11012532839484905
265,2013,3,2013-03,-0.1817909104544773
266,2013,4,2013-04,-0.18247911165768438
267,2013,5,2013-05,-0.1681021456633424
268,2013,6,2013-06,-0.16768040850041302
269,2013,7,2013-07,-0.17920187085093542
270,2013,8,2013-08,-0.1746381805651275
271,2013,9,2013-09,-0.16378343744994395
272,2013,10,2013-10,-0.1608207823713737
273,2014,4,2014-04,-0.15440094728910259
274,2014,5,2014-05,-0.13178591247440632
275,2014,6,2014-06,-0.15633831814183308
276,2014,7,2014-07,-0.1630709426627794
277,2014,8,2014-08,-0.16302320968061892
278,2014,9,2014-09,-0.1520286588311061
279,2014,10,2014-10,-0.12334946280652834
280,2015,3,2015-03,-0.16503937007874014
281,2015,4,2015-04,-0.1559076869952232
282,2015,5,2015-05,-0.15476057387739892
283,2015,6,2015-06,-0.15339255057102336
284,2015,7,2015-07,-0.1616596235113331
285,2015,8,2015-08,-0.15914630521372095
286,2015,9,2015-09,-0.1648435126101489
287,2015,10,2015-10,-0.1419626730885009
288,2015,11,2015-11,-0.13585404322434885
289,2015,12,2015-12,-0.1199113818886735
290,2016,3,2016-03,-0.14922158403869407
291,2016,5,2016-05,-0.1466607825831127
292,2016,6,2016-06,-0.1568524688353985
293,2016,7,2016-07,-0.158438902459808
294,2016,8,2016-08,-0.1635511390269054
295,2016,9,2016-09,-0.1507062531616016
296,2016,10,2016-10,-0.1548011944051548
297,2016,11,2016-11,-0.15088057294829643
298,2017,1,2017-01,-0.1694373660154512
299,2017,2,2017-02,0.15471992404719925
300,2017,4,2017-04,-0.175991575991576
301,2017,5,2017-05,-0.15178439212201986
302,2017,6,2017-06,-0.1589406419680124
303,2017,7,2017-07,-0.1719613519305237
304,2017,8,2017-08,-0.16938630379211594
305,2017,9,2017-09,-0.15469591993841417
306,2017,10,2017-10,-0.1455057986643207
307,2017,11,2017-11,-0.13096516472660108
308,2017,12,2017-12,-0.14720992028343666
309,2018,1,2018-01,-0.13324325502331866
310,2018,3,2018-03,-0.1633818382759256
311,2018,4,2018-04,-0.17407833699557043
312,2018,5,2018-05,-0.17074827365005094
313,2018,6,2018-06,-0.1743940990516333
314,2018,7,2018-07,-0.1746518265933603
315,2018,8,2018-08,-0.16464079788062957
316,2018,9,2018-09,-0.1544744109524649
317,2018,11,2018-11,-0.14721345951629863
318,2019,3,2019-03,-0.13846153846153847
319,2019,5,2019-05,-0.17033532979819174
320,2019,6,2019-06,-0.1634368347647361
321,2019,7,2019-07,-0.1699474079639369
322,2019,8,2019-08,-0.1682148895347733
323,2019,9,2019-09,-0.15592178454924294
324,2019,10,2019-10,-0.15365876687753754
325,2019,11,2019-11,-0.14190381222673928
326,2020,1,2020-01,-0.12892497732475272
327,2020,3,2020-03,-0.1367386051162403
328,2020,4,2020-04,-0.1301436623299572
329,2020,5,2020-05,-0.14541869722108552
330,2020,6,2020-06,-0.15349829037832274
331,2020,7,2020-07,-0.16585623486131598
332,2020,8,2020-08,-0.1700404858299595
333,2020,9,2020-09,-0.15861436950146626
334,2020,10,2020-10,-0.16752944707029785
335,2021,1,2021-01,-0.15477131799076116
336,2021,3,2021-03,-0.17109289411053605
337,2021,4,2021-04,-0.17961397940731447
338,2021,5,2021-05,-0.17622311681717623
339,2021,6,2021-06,-0.177675894903897
340,2021,7,2021-07,-0.1647374691061681
341,2021,8,2021-08,-0.1607229364635737
342,2021,9,2021-09,-0.15715604801477379
343,2021,10,2021-10,-0.13196458843473347
344,2021,11,2021-11,-0.1343656243078348
345,2021,12,2021-12,-0.15041252379944997
346,2022,1,2022-01,-0.12743251726302574
347,2022,2,2022-02,-0.17494033412887827
348,2022,4,2022-04,-0.13030017259479368
349,2022,5,2022-05,-0.17533575721599762
350,2022,6,2022-06,-0.17243240325975498
351,2022,7,2022-07,-0.1693091931798207
352,2022,8,2022-08,-0.16712162572035183
353,2022,9,2022-09,-0.1416850074830531
354,2022,10,2022-10,-0.12917982582065268
355,2022,11,2022-11,-0.12697674418604651
356,2023,2,2023-02,-0.1326691999589196
357,2023,4,2023-04,-0.1409769585253456
358,2023,5,2023-05,-0.15434584205722876
359,2023,6,2023-06,-0.15778338906708525
360,2023,7,2023-07,-0.15405546645522858
361,2023,8,2023-08,-0.15628290471686326
362,2023,9,2023-09,-0.14615412354404816
363,2023,10,2023-10,-0.13946988313417996
364,2023,12,2023-12,-0.10679851668726824
365,2024,2,2024-02,-0.11767975134311769
366,2024,4,2024-04,-0.15843578523303467
367,2024,5,2024-05,-0.16172177697574439
368,2024,6,2024-06,-0.14573643410852713
369,2024,7,2024-07,-0.15723426505255322
370,2024,8,2024-08,-0.14435563538392457
371,2024,9,2024-09,-0.1405691984831192
372,2024,10,2024-10,-0.14074358728023825
373,2024,11,2024-11,-0.1570379645967329
374,2024,12,2024-12,-0.16174598612080648
375,2025,1,2025-01,-0.1538193376397006
376,2025,2,2025-02,-0.13867138166203588
377,2025,3,2025-03,-0.1729187080552423
378,2025,4,2025-04,-0.16989819777689846
379,2025,5,2025-05,-0.14552870144442268
380,2025,6,2025-06,-0.1723387450636244
381,2025,8,2025-08,-0.17643147395640932
382,2025,9,2025-09,-0.15746606334841629
383,2025,10,2025-10,-0.1517677937316659
384,2025,11,2025-11,-0.14976357410728844
385,2025,12,2025-12,-0.13624288425047437
386,2026,1,2026-01,0.5266217498114951
387,2026,2,2026-02,-0.1244553168717988
388,2026,3,2026-03,-0.14050844877454713
389,2026,4,2026-04,-0.12528756618586817
390,2026,5,2026-05,-0.1363628428274646
391,2026,6,2026-06,-0.12983030055203434
392,2026,7,2026-07,-0.15246182339169026
